{
    "KSErrorCodesArray": [{
            "errorCode": "P0045",
            "description": {
                "en": "VNT actuator failure 1 (severe failure)",
                "ja": "VNTｱｸﾁｭｴｰﾀ故障１(重度故障)"
            }
        },
        {
            "errorCode": "P0087",
            "description": {
                "en": "Common rail pressure control under abnormality",
                "ja": "コモンレール圧制御アンダー異常"
            }
        },
        {
            "errorCode": "P0088",
            "description": {
                "en": "Conrail abnormal high pressure",
                "ja": "ｺﾓﾝﾚｰﾙ異常高圧"
            }
        },
        {
            "errorCode": "P0108",
            "description": {
                "en": "Intake pressure sensor failure (Hi)",
                "ja": "吸気圧ｾﾝｻ故障（Ｈｉ）"
            }
        },
        {
            "errorCode": "P0112",
            "description": {
                "en": "Intake air temperature sensor failure (Lo)",
                "ja": "吸気温センサ故障（Lｏ)　"
            }
        },
        {
            "errorCode": "P0113",
            "description": {
                "en": "Intake air temperature sensor failure (Hi)",
                "ja": "吸気温センサ故障（Hｉ)"
            }
        },
        {
            "errorCode": "P0117",
            "description": {
                "en": "Water temperature sensor failure (Lo)",
                "ja": "水温ｾﾝｻ故障（Ｌｏ）"
            }
        },
        {
            "errorCode": "P0118",
            "description": {
                "en": "Water temperature sensor failure (Hi)",
                "ja": "水温ｾﾝｻ故障（Ｈｉ）"
            }
        },
        {
            "errorCode": "P0122",
            "description": {
                "en": "Intake throttle opening sensor failure (Lo)",
                "ja": "吸気絞り開度ｾﾝｻ 故障（Ｌｏ）"
            }
        },
        {
            "errorCode": "P0123",
            "description": {
                "en": "Intake throttle opening sensor failure (Hi)",
                "ja": "吸気絞り開度ｾﾝｻ 故障（Ｈｉ）"
            }
        },
        {
            "errorCode": "P0182",
            "description": {
                "en": "Fuel temperature sensor failure (Lo)",
                "ja": "燃温ｾﾝｻ故障（Ｌｏ）"
            }
        },
        {
            "errorCode": "P0183",
            "description": {
                "en": "Fuel temperature sensor failure (Hi)",
                "ja": "燃温ｾﾝｻ故障（Ｈｉ）"
            }
        },
        {
            "errorCode": "P0191",
            "description": {
                "en": "Conrail pressure sensor failure",
                "ja": "ｺﾓﾝﾚｰﾙ圧ｾﾝｻｰ故障"
            }
        },
        {
            "errorCode": "P0192",
            "description": {
                "en": "Conrail pressure sensor failure (Lo)",
                "ja": "ｺﾓﾝﾚｰﾙ圧ｾﾝｻｰ故障（Ｌｏ）"
            }
        },
        {
            "errorCode": "P0193",
            "description": {
                "en": "Conrail pressure sensor failure (Hi)",
                "ja": "ｺﾓﾝﾚｰﾙ圧ｾﾝｻｰ故障（Ｈｉ）"
            }
        },
        {
            "errorCode": "P0200",
            "description": {
                "en": "ECU charge circuit failure (Hi)",
                "ja": "ECUﾁｬｰｼﾞ回路不良（Ｈｉ）"
            }
        },
        {
            "errorCode": "P0201",
            "description": {
                "en": "Injector 1 disconnection",
                "ja": "ｲﾝｼﾞｪｸﾀ１断線"
            }
        },
        {
            "errorCode": "P0202",
            "description": {
                "en": "Injector 2 disconnection",
                "ja": "ｲﾝｼﾞｪｸﾀ２断線"
            }
        },
        {
            "errorCode": "P0203",
            "description": {
                "en": "Injector 3 disconnection",
                "ja": "ｲﾝｼﾞｪｸﾀ３断線"
            }
        },
        {
            "errorCode": "P0204",
            "description": {
                "en": "Injector 4 disconnection",
                "ja": "ｲﾝｼﾞｪｸﾀ４断線"
            }
        },
        {
            "errorCode": "P0205",
            "description": {
                "en": "Injector 5 disconnection",
                "ja": "ｲﾝｼﾞｪｸﾀ５断線"
            }
        },
        {
            "errorCode": "P0206",
            "description": {
                "en": "Injector 6 disconnection",
                "ja": "ｲﾝｼﾞｪｸﾀ６断線"
            }
        },
        {
            "errorCode": "P0217",
            "description": {
                "en": "Overheat",
                "ja": "ｵｰﾊﾞｰﾋｰﾄ"
            }
        },
        {
            "errorCode": "P0219",
            "description": {
                "en": "Engine overrun",
                "ja": "ｴﾝｼﾞﾝｵｰﾊﾞｰﾗﾝ"
            }
        },
        {
            "errorCode": "P0234",
            "description": {
                "en": "Turbo over boost",
                "ja": "ﾀｰﾎﾞｵｰﾊﾞｰﾌﾞｰｽﾄ"
            }
        },
        {
            "errorCode": "P0237",
            "description": {
                "en": "Intake pressure sensor failure (Lo)",
                "ja": "吸気圧ｾﾝｻ故障（Ｌｏ）"
            }
        },
        {
            "errorCode": "P0263",
            "description": {
                "en": "Inter-cylinder correction error # 1",
                "ja": "気筒間補正ｴﾗｰ＃１"
            }
        },
        {
            "errorCode": "P0266",
            "description": {
                "en": "Inter-cylinder correction error # 2",
                "ja": "気筒間補正ｴﾗｰ＃２"
            }
        },
        {
            "errorCode": "P0269",
            "description": {
                "en": "Inter-cylinder correction error # 3",
                "ja": "気筒間補正ｴﾗｰ＃３"
            }
        },
        {
            "errorCode": "P0272",
            "description": {
                "en": "Inter-cylinder correction error # 4",
                "ja": "気筒間補正ｴﾗｰ＃４"
            }
        },
        {
            "errorCode": "P0275",
            "description": {
                "en": "Inter-cylinder correction error # 5",
                "ja": "気筒間補正ｴﾗｰ＃５"
            }
        },
        {
            "errorCode": "P0278",
            "description": {
                "en": "Inter-cylinder correction error # 6",
                "ja": "気筒間補正ｴﾗｰ＃６"
            }
        },
        {
            "errorCode": "P0335",
            "description": {
                "en": "Main rotation sensor failure, double rotation sensor failure",
                "ja": "主回転ｾﾝｻ故障、両回転ｾﾝｻ故障"
            }
        },
        {
            "errorCode": "P0336",
            "description": {
                "en": "Main rotation sensor error",
                "ja": "主回転ｾﾝｻﾊﾟﾙｽ異常"
            }
        },
        {
            "errorCode": "P0340",
            "description": {
                "en": "Secondary rotation sensor failure",
                "ja": "副回転ｾﾝｻ故障"
            }
        },
        {
            "errorCode": "P0341",
            "description": {
                "en": "Secondary rotation sensor error",
                "ja": "副回転ｾﾝｻﾊﾟﾙｽ異常"
            }
        },
        {
            "errorCode": "P0404",
            "description": {
                "en": "EGR Valve Stick 1",
                "ja": "EGRﾊﾞﾙﾌﾞｽﾃｨｯｸ１"
            }
        },
        {
            "errorCode": "P0405",
            "description": {
                "en": "EGR lift sensor 1 failure (Lo)",
                "ja": "EGRﾘﾌﾄｾﾝｻ１故障（Ｌｏ）"
            }
        },
        {
            "errorCode": "P0406",
            "description": {
                "en": "EGR lift sensor 1 failure (Hi)",
                "ja": "EGRﾘﾌﾄｾﾝｻ１故障（Ｈｉ）"
            }
        },
        {
            "errorCode": "P0489",
            "description": {
                "en": "EGR Linear Solenoid 1 Failure (Disconnection GND Short)",
                "ja": "EGRﾘﾆｱｿﾚﾉｲﾄﾞ１故障（断線GNDｼｮｰﾄ）"
            }
        },
        {
            "errorCode": "P0490",
            "description": {
                "en": "EGR Linear Solenoid 1 Failure (VB Short)",
                "ja": "EGRﾘﾆｱｿﾚﾉｲﾄﾞ１故障（VBｼｮｰﾄ）"
            }
        },
        {
            "errorCode": "P0540",
            "description": {
                "en": "Preheating device failure",
                "ja": "予熱装置故障"
            }
        },
        {
            "errorCode": "P0545",
            "description": {
                "en": "Exhaust temperature sensor 1 failure (Lo)",
                "ja": "排気温センサ１故障（Lｏ)"
            }
        },
        {
            "errorCode": "P0546",
            "description": {
                "en": "Exhaust temperature sensor 1 failure (Hi)",
                "ja": "排気温センサ１故障（Hｉ)"
            }
        },
        {
            "errorCode": "P0605",
            "description": {
                "en": "Flash ROM error",
                "ja": "ﾌﾗｯｼｭROM異常"
            }
        },
        {
            "errorCode": "P0606",
            "description": {
                "en": "CPU failure (hard detection)",
                "ja": "CPU故障（ﾊｰﾄﾞ検出）"
            }
        },
        {
            "errorCode": "P0607",
            "description": {
                "en": "CPU monitoring IC error",
                "ja": "CPU監視用IC異常"
            }
        },
        {
            "errorCode": "P0611",
            "description": {
                "en": "ECU charge circuit failure (Lo)",
                "ja": "ECUﾁｬｰｼﾞ回路不良（Ｌｏ）"
            }
        },
        {
            "errorCode": "P0617",
            "description": {
                "en": "Starter switch failure",
                "ja": "ｽﾀｰﾀｽｲｯﾁ故障"
            }
        },
        {
            "errorCode": "P0628",
            "description": {
                "en": "SCV and other abnormalities (total discharge)",
                "ja": "ＳＣＶその他の異常(全吐出)"
            }
        },
        {
            "errorCode": "P0629",
            "description": {
                "en": "SCV (+) VB short (no pressure feed)",
                "ja": "ＳＣＶ（＋）ＶＢｼｮｰﾄ(無圧送)"
            }
        },
        {
            "errorCode": "P0686",
            "description": {
                "en": "Main relay failure",
                "ja": "ﾒｲﾝﾘﾚｰ故障"
            }
        },
        {
            "errorCode": "P1133",
            "description": {
                "en": "Work accessor (Hi)",
                "ja": "作業用ｱｸｾﾙｾﾝｻ（Ｈｉ）"
            }
        },
        {
            "errorCode": "P1211",
            "description": {
                "en": "Injector control unit 1 failure (GND short)",
                "ja": "ｲﾝｼﾞｪｸﾀ　ｺﾓﾝ１故障（ＧＮＤｼｮｰﾄ）"
            }
        },
        {
            "errorCode": "P1212",
            "description": {
                "en": "Injector control 1 failure (VB short, open)",
                "ja": "ｲﾝｼﾞｪｸﾀ　ｺﾓﾝ１故障（ＶＢｼｮｰﾄ、ｵｰﾌﾟﾝ)"
            }
        },
        {
            "errorCode": "P1214",
            "description": {
                "en": "Injector control unit 2 failure (GND short)",
                "ja": "ｲﾝｼﾞｪｸﾀ　ｺﾓﾝ２故障（ＧＮＤｼｮｰﾄ）"
            }
        },
        {
            "errorCode": "P1215",
            "description": {
                "en": "Injector control 2 failure (VB short, open)",
                "ja": "ｲﾝｼﾞｪｸﾀ　ｺﾓﾝ２故障（ＶＢｼｮｰﾄ、ｵｰﾌﾟﾝ）"
            }
        },
        {
            "errorCode": "P1402",
            "description": {
                "en": "EGR linear SOL2 failure (disconnection, GND short)",
                "ja": "EGRﾘﾆｱSOL2故障(断線、GNDｼｮｰﾄ)"
            }
        },
        {
            "errorCode": "P1403",
            "description": {
                "en": "EGR Linia SOL2 failure (VB short)",
                "ja": "EGRﾘﾆｱSOL2故障(VBｼｮｰﾄ)"
            }
        },
        {
            "errorCode": "P1458",
            "description": {
                "en": "EGR Actuator Failure 1 (Severe)",
                "ja": "EGRｱｸﾁｭｴｰﾀ故障1（重度）"
            }
        },
        {
            "errorCode": "P1459",
            "description": {
                "en": "EGR Actuator Failure 2 (Mild)",
                "ja": "EGRｱｸﾁｭｴｰﾀ故障2（軽度）"
            }
        },
        {
            "errorCode": "P1530",
            "description": {
                "en": "Engine stop switch closing failure",
                "ja": "ｴﾝｼﾞﾝ停止ｽｲｯﾁ閉故障"
            }
        },
        {
            "errorCode": "P1601",
            "description": {
                "en": "QR code failure",
                "ja": "QRｺｰﾄﾞ故障"
            }
        },
        {
            "errorCode": "P2458",
            "description": {
                "en": "DPF catalyst abnormality",
                "ja": "DPF触媒異常"
            }
        },
        {
            "errorCode": "P24A2",
            "description": {
                "en": "DPF catalyst abnormality 2",
                "ja": "DPF触媒異常2"
            }
        },
        {
            "errorCode": "P200C",
            "description": {
                "en": "DPF particulate filter 1",
                "ja": "DPF溶損1"
            }
        },
        {
            "errorCode": "P244A",
            "description": {
                "en": "DPF particulate filter 2",
                "ja": "DPF溶損2"
            }
        },
        {
            "errorCode": "P2463",
            "description": {
                "en": "DPF abnormal clogging 1",
                "ja": "DPF異常詰まり1"
            }
        },
        {
            "errorCode": "P244B",
            "description": {
                "en": "DPF abnormal clogging 2",
                "ja": "DPF異常詰まり2"
            }
        },
        {
            "errorCode": "P2032",
            "description": {
                "en": "Exhaust temperature sensor 2 failure (Lo)",
                "ja": "排気温センサ２故障（Lｏ)"
            }
        },
        {
            "errorCode": "P2033",
            "description": {
                "en": "Exhaust temperature sensor 2 failure (Hi)",
                "ja": "排気温センサ２故障（Hｉ)"
            }
        },
        {
            "errorCode": "P2100",
            "description": {
                "en": "Intake throttle solenoid failure (DC motor disconnection, drive duty disconnection)",
                "ja": "吸気絞りｿﾚﾉｲﾄﾞ 故障(DCﾓｰﾀｰ断線、駆動ﾃﾞｭｰﾃｨ断線）"
            }
        },
        {
            "errorCode": "P2101",
            "description": {
                "en": "Intake diaphragm sticking",
                "ja": "吸気絞り固着"
            }
        },
        {
            "errorCode": "P2103",
            "description": {
                "en": "Intake throttle solenoid failure (DC motor, GND short)",
                "ja": "吸気絞りｿﾚﾉｲﾄﾞ 故障(DCﾓｰﾀｰ、GNDｼｮｰﾄ)"
            }
        },
        {
            "errorCode": "P2120",
            "description": {
                "en": "Both accelerators failed",
                "ja": "両ｱｸｾﾙｾﾝｻ故障"
            }
        },
        {
            "errorCode": "P2122",
            "description": {
                "en": "Accessor sensor 1 failure (Lo)",
                "ja": "ｱｸｾﾙｾﾝｻ１故障（Ｌｏ）"
            }
        },
        {
            "errorCode": "P2123",
            "description": {
                "en": "Accessor sensor 1 failure (Hi)",
                "ja": "ｱｸｾﾙｾﾝｻ１故障（Ｈｉ）"
            }
        },
        {
            "errorCode": "P2127",
            "description": {
                "en": "Accelerator sensor 2 failure (Lo)",
                "ja": "ｱｸｾﾙｾﾝｻ２故障（Ｌｏ）"
            }
        },
        {
            "errorCode": "P2128",
            "description": {
                "en": "Accelerator sensor 2 failure (Hi)",
                "ja": "ｱｸｾﾙｾﾝｻ２故障（Ｈｉ）"
            }
        },
        {
            "errorCode": "P2228",
            "description": {
                "en": "Atmospheric pressure sensor failure (Lo)",
                "ja": "大気圧ｾﾝｻｰ故障（Ｌｏ）"
            }
        },
        {
            "errorCode": "P2229",
            "description": {
                "en": "Atmospheric pressure sensor failure (Hi)",
                "ja": "大気圧ｾﾝｻｰ故障（Ｈｉ）"
            }
        },
        {
            "errorCode": "P2635",
            "description": {
                "en": "Supply pump replacement",
                "ja": "サプライポンプ交換"
            }
        },
        {
            "errorCode": "U0073",
            "description": {
                "en": "CAN2 communication error",
                "ja": "CAN２通信異常"
            }
        },
        {
            "errorCode": "U1001",
            "description": {
                "en": "CAN1 communication error",
                "ja": "CAN１通信異常"
            }
        },
        {
            "errorCode": "U1122",
            "description": {
                "en": "Communication blackout (EGR)",
                "ja": "通信途絶(EGR)"
            }
        },
        {
            "errorCode": "U1123",
            "description": {
                "en": "Communication blackout (VNT)",
                "ja": "通信途絶(VNT)"
            }
        },
        {
            "errorCode": "P0016",
            "description": {
                "en": "Main / Fuku sensor phase shift failure",
                "ja": "主・福センサ位相ずれ故障"
            }
        },
        {
            "errorCode": "P0643",
            "description": {
                "en": "Sensor power supply 1 error (HI)",
                "ja": "センサ電源１異常（HI)"
            }
        },
        {
            "errorCode": "P0104",
            "description": {
                "en": "Air flow meter error (high frequency, low frequency)",
                "ja": "エアフローメータ異常（高周波数、低周波数）"
            }
        },
        {
            "errorCode": "P0407",
            "description": {
                "en": "EGR lift sensor 2 failure (Lo)",
                "ja": "EGRﾘﾌﾄｾﾝｻ2故障(Lo)"
            }
        },
        {
            "errorCode": "P0408",
            "description": {
                "en": "EGR lift sensor 2 failure (Hi)",
                "ja": "EGRﾘﾌﾄｾﾝｻ2故障(Hi)"
            }
        },
        {
            "errorCode": "P06D4",
            "description": {
                "en": "Airflow sensor power short (GND)",
                "ja": "エアフローセンサ電源ショート（ＧＮＤ）"
            }
        },
        {
            "errorCode": "P06D3",
            "description": {
                "en": "Airflow sensor power short (+ B)",
                "ja": "エアフローセンサ電源ショート（＋Ｂ）"
            }
        },
        {
            "errorCode": "P0562",
            "description": {
                "en": "Battery voltage error (LO)",
                "ja": "バッテリ電圧異常（LO)"
            }
        },
        {
            "errorCode": "P0563",
            "description": {
                "en": "Battery voltage error (HI)",
                "ja": "バッテリ電圧異常（HI)"
            }
        },
        {
            "errorCode": "P0642",
            "description": {
                "en": "Sensor power supply 1 error (LO)",
                "ja": "センサ電源１異常（LO)"
            }
        },
        {
            "errorCode": "P0652",
            "description": {
                "en": "Sensor power supply 2 error (LO)",
                "ja": "センサ電源２異常（LO)"
            }
        },
        {
            "errorCode": "P0653",
            "description": {
                "en": "Sensor power supply 2 error (HI)",
                "ja": "センサ電源２異常（HI)"
            }
        },
        {
            "errorCode": "P1197",
            "description": {
                "en": "Common rail secondary pressure sensor error (LO)",
                "ja": "コモンレール副圧力センサ異常（ＬＯ）s"
            }
        },
        {
            "errorCode": "P1198",
            "description": {
                "en": "Common rail secondary pressure sensor error (HI)",
                "ja": "コモンレール副圧力センサ異常（ＨＩ）"
            }
        },
        {
            "errorCode": "P1401",
            "description": {
                "en": "EGR Valve Stick 2",
                "ja": "EGRﾊﾞﾙﾌﾞｽﾃｨｯｸ2"
            }
        },
        {
            "errorCode": "P1427",
            "description": {
                "en": "Differential pressure sensor error (LO)",
                "ja": "差圧センサ異常（ＬＯ）"
            }
        },
        {
            "errorCode": "P1428",
            "description": {
                "en": "Differential pressure sensor error (HI)",
                "ja": "差圧センサ異常（ＨＩ）"
            }
        },
        {
            "errorCode": "U110A",
            "description": {
                "en": "Communication blackout_TSC1 (iso instruction)",
                "ja": "通信途絶_TSC1(アイソ指示)"
            }
        },
        {
            "errorCode": "P119F",
            "description": {
                "en": "Conrail pressure signal abnormality (sub / main difference)",
                "ja": "ｺﾓﾝﾚｰﾙ圧力信号異常(サブ/メイン差)"
            }
        },
        {
            "errorCode": "P00AF",
            "description": {
                "en": "VNT controller failure 1 (severe failure)",
                "ja": "VNTｺﾝﾄﾛｰﾗ故障２(軽度故障)"
            }
        },
        {
            "errorCode": "P2121",
            "description": {
                "en": "Accelerator 1 Voltage abnormality",
                "ja": "ｱｸｾﾙｾﾝｻ１電圧異常"
            }
        },
        {
            "errorCode": "P2126",
            "description": {
                "en": "Accelerator sensor 2 voltage abnormality",
                "ja": "ｱｸｾﾙｾﾝｻ２電圧異常"
            }
        },
        {
            "errorCode": "P204F",
            "description": {
                "en": "Dosing system (DCU) error",
                "ja": "ドージングシステム（DCU）異常"
            }
        },
        {
            "errorCode": "P0097",
            "description": {
                "en": "Manifold temperature sensor LO failure",
                "ja": "ｲﾝﾏﾆ温度ｾﾝｻ　LO故障"
            }
        },
        {
            "errorCode": "P0098",
            "description": {
                "en": "Manifold temperature sensor HI failure",
                "ja": "ｲﾝﾏﾆ温度ｾﾝｻ　HI故障"
            }
        },
        {
            "errorCode": "P0106",
            "description": {
                "en": "Bust pressure sensor characteristic abnormality",
                "ja": "ﾌﾞｰｽﾄ圧ｾﾝｻ特性異常"
            }
        },
        {
            "errorCode": "P0401",
            "description": {
                "en": "EGR cooler clogging abnormality",
                "ja": "EGRｸｰﾗ詰まり異常"
            }
        },
        {
            "errorCode": "P0101",
            "description": {
                "en": "Air flow sensor characteristic abnormality",
                "ja": "ｴｱﾌﾛｰｾﾝｻ特性異常"
            }
        },
        {
            "errorCode": "P203F",
            "description": {
                "en": "Urea water tank remaining amount alarm",
                "ja": "尿素水ﾀﾝｸ残量警報"
            }
        },
        {
            "errorCode": "U0301",
            "description": {
                "en": "DCU selection error",
                "ja": "DCU選択異常"
            }
        },
        {
            "errorCode": "P207F",
            "description": {
                "en": "Urea water quality abnormality",
                "ja": "尿素水品質異常"
            }
        },
        {
            "errorCode": "P0096",
            "description": {
                "en": "Manifold temperature sensor characteristic abnormality",
                "ja": "ｲﾝﾏﾆ温度ｾﾝｻ特性異常"
            }
        },
        {
            "errorCode": "U029D",
            "description": {
                "en": "CAN communication blackout (Nox sensor before SCR)",
                "ja": "CAN通信途絶(SCR前Noxｾﾝｻ)"
            }
        },
        {
            "errorCode": "U029E",
            "description": {
                "en": "CAN communication blackout (Nox sensor after SCR)",
                "ja": "CAN通信途絶(SCR後Noxｾﾝｻ)"
            }
        },
        {
            "errorCode": "U02A2",
            "description": {
                "en": "CAN communication blackout (quality sensor)",
                "ja": "CAN通信途絶(品質ｾﾝｻ)"
            }
        },
        {
            "errorCode": "U010E",
            "description": {
                "en": "Communication blackout_DCU",
                "ja": "通信途絶_DCU"
            }
        },
        {
            "errorCode": "P0192",
            "description": {
                "en": "Conrail pressure sensor (main) failure (Lo)",
                "ja": "ｺﾓﾝﾚｰﾙ圧ｾﾝｻｰ(メイン)故障（Ｌｏ）"
            }
        },
        {
            "errorCode": "P0193",
            "description": {
                "en": "Conrail pressure sensor failure (main) (Hi)",
                "ja": "ｺﾓﾝﾚｰﾙ圧ｾﾝｻｰ故障(メイン)（Ｈｉ）"
            }
        },
        {
            "errorCode": "P203B",
            "description": {
                "en": "Urea water tank water level sensor error",
                "ja": "尿素水タンク水位センサ異常"
            }
        },
        {
            "errorCode": "P203C",
            "description": {
                "en": "Urea tank level sensor failure (Lo)",
                "ja": "尿素ﾀﾝｸﾚﾍﾞﾙｾﾝｻ故障(Lo)"
            }
        },
        {
            "errorCode": "P203D",
            "description": {
                "en": "Urea tank level sensor failure (Hi)",
                "ja": "尿素ﾀﾝｸﾚﾍﾞﾙｾﾝｻ故障(Hi)"
            }
        },
        {
            "errorCode": "P205B",
            "description": {
                "en": "Urea tank temperature sensor abnormality",
                "ja": "尿素ﾀﾝｸ温度ｾﾝｻ異常"
            }
        },
        
        {
            "errorCode": "P205C",
            "description": {
                "en": "Urea tank temperature sensor failure (Lo)",
                "ja": "尿素ﾀﾝｸ温度ｾﾝｻ故障(Lo)"
            }
        },
        {
            "errorCode": "P205D",
            "description": {
                "en": "Urea tank temperature sensor failure (Hi)",
                "ja": "尿素ﾀﾝｸ温度ｾﾝｻ故障(Hi)"
            }
        },
        {
            "errorCode": "P2044",
            "description": {
                "en": "Urea tank temperature sensor 2 failure (Lo)",
                "ja": "尿素ﾀﾝｸ温度ｾﾝｻ2故障(Lo)"
            }
        },
        {
            "errorCode": "P2045",
            "description": {
                "en": "Urea tank temperature sensor 2 failure (Hi)",
                "ja": "尿素ﾀﾝｸ温度ｾﾝｻ2故障(Hi)"
            }
        },
        {
            "errorCode": "P206A",
            "description": {
                "en": "Urea water quality sensor failure",
                "ja": "尿素水品質ｾﾝｻ故障"
            }
        },
        {
            "errorCode": "P2201",
            "description": {
                "en": "Upstream Nox sensor abnormality",
                "ja": "上流Noxｾﾝｻ異常"
            }
        },
        {
            "errorCode": "P2209",
            "description": {
                "en": "Upstream Nox sensor / heater failure",
                "ja": "上流Noxｾﾝｻ/ﾋｰﾀｰ故障"
            }
        },
        {
            "errorCode": "P2202",
            "description": {
                "en": "Upstream Nox sensor failure (Lo)",
                "ja": "上流Noxｾﾝｻ故障(Lo)"
            }
        },
        {
            "errorCode": "P2203",
            "description": {
                "en": "Upstream Nox sensor failure (Hi)",
                "ja": "上流Noxｾﾝｻ故障(Hi)"
            }
        },
        {
            "errorCode": "P2204",
            "description": {
                "en": "Upstream Nox sensor abnormality",
                "ja": "上流Noxｾﾝｻ異常"
            }
        },
        {
            "errorCode": "P2212",
            "description": {
                "en": "Downstream Nox sensor abnormality",
                "ja": "下流Noxｾﾝｻ異常"
            }
        },
        {
            "errorCode": "P2214",
            "description": {
                "en": "Downstream Nox sensor abnormality",
                "ja": "下流Noxｾﾝｻ異常"
            }
        },
        {
            "errorCode": "P2215",
            "description": {
                "en": "Downstream Nox sensor failure (Lo)",
                "ja": "下流Noxｾﾝｻ故障(Lo)"
            }
        },
        {
            "errorCode": "P2216",
            "description": {
                "en": "Downstream Nox sensor failure (Hi)",
                "ja": "下流Noxｾﾝｻ故障(Hi)"
            }
        },
        {
            "errorCode": "P2222",
            "description": {
                "en": "Downstream Nox sensor / heater failure",
                "ja": "下流Noxｾﾝｻ/ﾋｰﾀｰ故障"
            }
        },
        {
            "errorCode": "P2481",
            "description": {
                "en": "SCR catalyst upstream temperature sensor failure (Lo)",
                "ja": "SCR触媒上流温度ｾﾝｻ故障(lo)"
            }
        },
        {
            "errorCode": "P2482",
            "description": {
                "en": "SCR catalyst upstream temperature sensor failure (Hi)",
                "ja": "SCR触媒上流温度ｾﾝｻ故障(Hi)"
            }
        },
        {
            "errorCode": "P2483",
            "description": {
                "en": "SCR catalyst upstream temperature sensor characteristic abnormality",
                "ja": "SCR触媒上流温度ｾﾝｻ特性異常"
            }
        },
        {
            "errorCode": "P142A",
            "description": {
                "en": "Urea water pump temperature sensor failure",
                "ja": "尿素水ポンプ温度センサ故障"
            }
        },
        {
            "errorCode": "P142B",
            "description": {
                "en": "Urea water pump temperature sensor error",
                "ja": "尿素水ポンプ温度センサ異常"
            }
        },
        {
            "errorCode": "P204B",
            "description": {
                "en": "Urea water pressure sensor characteristic abnormality",
                "ja": "尿素水圧力センサ特性異常"
            }
        },
        {
            "errorCode": "P204C",
            "description": {
                "en": "Urea water pressure sensor characteristic failure (Lo)",
                "ja": "尿素水圧力センサ特性故障(Lo)"
            }
        },
        {
            "errorCode": "P204D",
            "description": {
                "en": "Urea water pressure sensor characteristic failure (Hi)",
                "ja": "尿素水圧力センサ特性故障(Hi)"
            }
        },
        {
            "errorCode": "P0071",
            "description": {
                "en": "Outside air temperature sensor failure",
                "ja": "外気温度ｾﾝｻ故障"
            }
        },
        {
            "errorCode": "P0072",
            "description": {
                "en": "Outside air temperature sensor failure (Lo)",
                "ja": "外気温度ｾﾝｻ故障(Lo)"
            }
        },
        {
            "errorCode": "P0073",
            "description": {
                "en": "Outside air temperature sensor failure (Hi)",
                "ja": "外気温度ｾﾝｻ故障(Hi)"
            }
        },
        {
            "errorCode": "P0667",
            "description": {
                "en": "DCU temperature sensor characteristic abnormality",
                "ja": "DCU温度ｾﾝｻ特性異常"
            }
        },
        {
            "errorCode": "P0668",
            "description": {
                "en": "DCU temperature sensor characteristic failure (Lo)",
                "ja": "DCU温度ｾﾝｻ特性故障(Lo)"
            }
        },
        {
            "errorCode": "P0669",
            "description": {
                "en": "DCU temperature sensor characteristic failure (Hi)",
                "ja": "DCU温度ｾﾝｻ特性故障(Hi)"
            }
        },
        {
            "errorCode": "P202E",
            "description": {
                "en": "Urea water addition valve characteristic abnormality",
                "ja": "尿素水添加弁特性異常"
            }
        },
        {
            "errorCode": "P2047",
            "description": {
                "en": "Urea water addition valve characteristic failure (function)",
                "ja": "尿素水添加弁特性故障(機能)"
            }
        },
        {
            "errorCode": "P2048",
            "description": {
                "en": "Urea water addition valve characteristic failure (Lo)",
                "ja": "尿素水添加弁特性故障(Lo)"
            }
        },
        {
            "errorCode": "P2049",
            "description": {
                "en": "Urea water addition valve characteristic failure (Hi)",
                "ja": "尿素水添加弁特性故障(Hi)"
            }
        },
        {
            "errorCode": "P20F4",
            "description": {
                "en": "Urea water addition valve abnormality",
                "ja": "尿素水添加弁異常"
            }
        },
        {
            "errorCode": "P208A",
            "description": {
                "en": "Urea water pump motor failure (OPEN)",
                "ja": "尿素水ﾎﾟﾝﾌﾟﾓｰﾀｰ故障(OPEN)"
            }
        },
        {
            "errorCode": "P208B",
            "description": {
                "en": "Urea water pump motor characteristic abnormality",
                "ja": "尿素水ﾎﾟﾝﾌﾟﾓｰﾀｰ特性異常"
            }
        },
        {
            "errorCode": "P208C",
            "description": {
                "en": "Urea water pump motor failure (Lo)",
                "ja": "尿素水ﾎﾟﾝﾌﾟﾓｰﾀｰ故障(Lo)"
            }
        },
        {
            "errorCode": "P208D",
            "description": {
                "en": "Urea water pump motor failure (Hi)",
                "ja": "尿素水ﾎﾟﾝﾌﾟﾓｰﾀｰ故障(Hi)"
            }
        },
        {
            "errorCode": "P20A0",
            "description": {
                "en": "Urea water pumping valve failure (OPEN)",
                "ja": "尿素水ﾎﾟﾝﾌﾟﾘﾊﾞｰﾃｨﾝｸﾞﾊﾞﾙﾌﾞ故障(OPEN)"
            }
        },
        {
            "errorCode": "P20A1",
            "description": {
                "en": "Urea water pumping valve characteristic abnormality",
                "ja": "尿素水ﾎﾟﾝﾌﾟﾘﾊﾞｰﾃｨﾝｸﾞﾊﾞﾙﾌﾞ特性異常"
            }
        },
        {
            "errorCode": "P20A2",
            "description": {
                "en": "Urea water pumping valve failure (Lo)",
                "ja": "尿素水ﾎﾟﾝﾌﾟﾘﾊﾞｰﾃｨﾝｸﾞﾊﾞﾙﾌﾞ故障(Lo)"
            }
        },
        {
            "errorCode": "P20A3",
            "description": {
                "en": "Urea water pumping valve failure (Hi)",
                "ja": "尿素水ﾎﾟﾝﾌﾟﾘﾊﾞｰﾃｨﾝｸﾞﾊﾞﾙﾌﾞ故障(Hi)"
            }
        },
        {
            "errorCode": "P20B1",
            "description": {
                "en": "Cooling water shutoff valve failure (OPEN)",
                "ja": "冷却水遮断弁故障(OPEN)"
            }
        },
        {
            "errorCode": "P20B2",
            "description": {
                "en": "Cooling water shutoff valve failure (function)",
                "ja": "冷却水遮断弁故障(機能)"
            }
        },
        {
            "errorCode": "P20B3",
            "description": {
                "en": "Cooling water shutoff valve failure (Lo)",
                "ja": "冷却水遮断弁故障(Lo)"
            }
        },
        {
            "errorCode": "P20B4",
            "description": {
                "en": "Cooling water shutoff valve failure (Hi)",
                "ja": "冷却水遮断弁故障(Hi)"
            }
        },
        {
            "errorCode": "P060C",
            "description": {
                "en": "DCU internal failure",
                "ja": "DCU内部故障"
            }
        },
        {
            "errorCode": "P068A",
            "description": {
                "en": "Main relay shutoff valve control error",
                "ja": "ﾒｲﾝﾘﾚｰ遮断弁制御異常"
            }
        },
        {
            "errorCode": "P2510",
            "description": {
                "en": "Main relay closed and fixed",
                "ja": "ﾒｲﾝﾘﾚｰ閉固着"
            }
        },
        {
            "errorCode": "P0562",
            "description": {
                "en": "Battery failure (Lo)",
                "ja": "バッテリー故障(Lo)"
            }
        },
        {
            "errorCode": "P0563",
            "description": {
                "en": "Battery failure (Hi)",
                "ja": "バッテリー故障(Hi)"
            }
        },
        {
            "errorCode": "U0100",
            "description": {
                "en": "CAN reception failure (ECU → DCU)",
                "ja": "CAN受信不良(ECU→DCU)"
            }
        },
        {
            "errorCode": "U0029",
            "description": {
                "en": "CAN-A communication blackout",
                "ja": "CAN-A通信途絶"
            }
        },
        {
            "errorCode": "U0038",
            "description": {
                "en": "CAN-B communication blackout",
                "ja": "CAN-B通信途絶"
            }
        },
        {
            "errorCode": "U0597",
            "description": {
                "en": "AD converter abnormality",
                "ja": "ADｺﾝﾊﾞｰﾀｰ異常"
            }
        },
        {
            "errorCode": "P062F",
            "description": {
                "en": "EEPROM error",
                "ja": "EEPROMエラー"
            }
        },
        {
            "errorCode": "P20E8",
            "description": {
                "en": "Urea water pressure abnormality (Lo)",
                "ja": "尿素水圧力異常(Lo)"
            }
        },
        {
            "errorCode": "P20E9",
            "description": {
                "en": "Urea water pressure abnormality (Hi)",
                "ja": "尿素水圧力異常(Hi)"
            }
        },
        {
            "errorCode": "P24FE",
            "description": {
                "en": "Urea SCR catalyst abnormality",
                "ja": "尿素SCR触媒異常"
            }
        },
        {
            "errorCode": "P20EE",
            "description": {
                "en": "Urea SCR catalyst deterioration",
                "ja": "尿素SCR触媒劣化"
            }
        },
        {
            "errorCode": "P0093",
            "description": {
                "en": "Fuel leak",
                "ja": "燃料漏れ"
            }
        },
        {
            "errorCode": "P1417",
            "description": {
                "en": "EGR outlet water temperature sensor failure (Lo)",
                "ja": "EGR出口水温ｾﾝｻ故障(Lo)"
            }
        },
        {
            "errorCode": "P1418",
            "description": {
                "en": "EGR outlet water temperature sensor failure (Hi)",
                "ja": "EGR出口水温ｾﾝｻ故障(Hi)"
            }
        },
        {
            "errorCode": "P0187",
            "description": {
                "en": "Fuel temperature sensor failure (Lo)",
                "ja": "燃料温度ｾﾝｻ故障(Lo)"
            }
        },
        {
            "errorCode": "P0188",
            "description": {
                "en": "Fuel temperature sensor failure (Hi)",
                "ja": "燃料温度ｾﾝｻ故障(Hi)"
            }
        },
        {
            "errorCode": "P1229",
            "description": {
                "en": "HPO pump overpressure",
                "ja": "HPOポンプ過圧送"
            }
        },
        {
            "errorCode": "P1266",
            "description": {
                "en": "HPO pump no pressure feed",
                "ja": "HPOポンプ無圧送"
            }
        },
        {
            "errorCode": "P0629",
            "description": {
                "en": "Solenoid valve (PCV) 1 short (B)",
                "ja": "電磁弁(PCV)1ｼｮｰﾄ(B)"
            }
        },
        {
            "errorCode": "P0628",
            "description": {
                "en": "Solenoid valve (both PCV) 1 short (GND)",
                "ja": "電磁弁(両PCV)1ｼｮｰﾄ(GND)"
            }
        },
        {
            "errorCode": "P2634",
            "description": {
                "en": "Solenoid valve (PCV) 2 shorts (B)",
                "ja": "電磁弁(PCV)2ｼｮｰﾄ(B)"
            }
        },
        {
            "errorCode": "P2633",
            "description": {
                "en": "Solenoid valve (both PCV) 2 shorts (GND)",
                "ja": "電磁弁(両PCV)2ｼｮｰﾄ(GND)"
            }
        },
        {
            "errorCode": "P0049",
            "description": {
                "en": "Turbo overrun",
                "ja": "ﾀｰﾎﾞｵｰﾊﾞｰﾗﾝ"
            }
        },
        {
            "errorCode": "P1072",
            "description": {
                "en": "Turbine rotation sensor error 1 (Lo)",
                "ja": "ﾀｰﾋﾞﾝ回転ｾﾝｻ異常1(Lo)"
            }
        },
        {
            "errorCode": "P1071",
            "description": {
                "en": "Turbine rotation sensor error 2 (Hi)",
                "ja": "ﾀｰﾋﾞﾝ回転ｾﾝｻ異常2(Hi)"
            }
        },
        {
            "errorCode": "P1416",
            "description": {
                "en": "EGR cooler abnormally high temperature",
                "ja": "EGRクーラ異常高温"
            }
        },
        {
            "errorCode": "P0523",
            "description": {
                "en": "Hydraulic sensor failure (Low)",
                "ja": "油圧ｾﾝｻｰ故障(Low)"
            }
        },
        {
            "errorCode": "P0522",
            "description": {
                "en": "Hydraulic sensor failure (High)",
                "ja": "油圧ｾﾝｻｰ故障(High)"
            }
        },
        {
            "errorCode": "P0524",
            "description": {
                "en": "Low oil pressure",
                "ja": "油圧低下"
            }
        },
        {
            "errorCode": "P0102",
            "description": {
                "en": "Airflow sensor error (Lo)",
                "ja": "エアフローセンサ異常(Lo)"
            }
        },
        {
            "errorCode": "P0103",
            "description": {
                "en": "Airflow sensor error (Hi)",
                "ja": "エアフローセンサ異常(Hi)"
            }
        },
        {
            "errorCode": "P2560",
            "description": {
                "en": "Engine cooling water drop",
                "ja": "ｴﾝｼﾞﾝ冷却水低下"
            }
        },
        {
            "errorCode": "P20B9",
            "description": {
                "en": "Backflow line failure (OPEN)",
                "ja": "バックフローライン故障(OPEN)"
            }
        },
        {
            "errorCode": "P20BC",
            "description": {
                "en": "Backflow line failure (Hi)",
                "ja": "バックフローライン故障(Hi)"
            }
        },
        {
            "errorCode": "P20BD",
            "description": {
                "en": "Pressure line failure (OPEN)",
                "ja": "プレッシャーライン故障(OPEN)"
            }
        },
        {
            "errorCode": "P20C0",
            "description": {
                "en": "Pressure line failure (Hi)",
                "ja": "プレッシャーライン故障(Hi)"
            }
        },
        {
            "errorCode": "P20C1",
            "description": {
                "en": "Suction line failure (OPEN)",
                "ja": "サクションライン故障(OPEN)"
            }
        },
        {
            "errorCode": "P20C4",
            "description": {
                "en": "Suction line failure (Hi)",
                "ja": "サクションライン故障(Hi)"
            }
        },
        {
            "errorCode": "P21C2",
            "description": {
                "en": "Heater relay failure (OPEN)",
                "ja": "ヒーターリレー故障(OPEN)"
            }
        },
        {
            "errorCode": "P21C4",
            "description": {
                "en": "Heater relay failure (Hi)",
                "ja": "ヒータリレー故障(Hi)"
            }
        },
        {
            "errorCode": "P21C3",
            "description": {
                "en": "Heater relay failure (Lo)",
                "ja": "ヒータリレー故障(Lo)"
            }
        },
        {
            "errorCode": "P1426",
            "description": {
                "en": "Differential pressure sensor characteristic abnormality",
                "ja": "差圧ｾﾝｻ特性異常"
            }
        },
        {
            "errorCode": "P2080",
            "description": {
                "en": "Exhaust temperature sensor ③ Characteristic abnormality",
                "ja": "排気温度ｾﾝｻ③特性異常"
            }
        },
        {
            "errorCode": "P2084",
            "description": {
                "en": "Exhaust temperature sensor ④ Characteristic abnormality",
                "ja": "排気温度ｾﾝｻ④特性異常"
            }
        }
    ]
}
