{
  "data": [
    {
      "signalName": "Accelerator pedal position sensor 1",
      "signalId": "14",
      "signalValues": [
        25.1,
        25.49,
        25.1
      ]
    },
    {
      "signalName": "Target engine speed",
      "signalId": "37",
      "signalValues": [
        1000,
        1000,
        1000
      ]
    },
    {
      "signalName": "Engine speed",
      "signalId": "4",
      "signalValues": [
        1001,
        1001,
        1000
      ]
    },
    {
      "signalName": "Engine coolant temperature",
      "signalId": "3",
      "signalValues": [
        77,
        77,
        77
      ]
    },
    {
      "signalName": "Fuel temperature",
      "signalId": "196",
      "signalValues": [
        41,
        41,
        41
      ]
    },
    {
      "signalName": "Injection quantity",
      "signalId": "34",
      "signalValues": [
        14.31,
        14.59,
        14.86
      ]
    },
    {
      "signalName": "Intake air temperature (Air flow)",
      "signalId": "13",
      "signalValues": [
        26,
        26,
        26
      ]
    },
    {
      "signalName": "Intake air temperature (Intake Manifold )",
      "signalId": "6",
      "signalValues": [
        41,
        41,
        41
      ]
    },
    {
      "signalName": "Intake air flow",
      "signalId": "7",
      "signalValues": [
        38,
        33,
        36
      ]
    },
    {
      "signalName": "Atmospheric pressure",
      "signalId": "11",
      "signalValues": [
        102,
        102,
        102
      ]
    },
    {
      "signalName": "Intake pressure",
      "signalId": "240",
      "signalValues": [
        105,
        105,
        105
      ]
    },
    {
      "signalName": "Target common rail pressure",
      "signalId": "38",
      "signalValues": [
        60,
        60,
        60
      ]
    },
    {
      "signalName": "Actual common rail pressure",
      "signalId": "9",
      "signalValues": [
        60.2,
        61,
        60.1
      ]
    },
    {
      "signalName": "Target EGR opening",
      "signalId": "35",
      "signalValues": [
        8,
        8,
        9
      ]
    },
    {
      "signalName": "Actual EGR opening",
      "signalId": "235",
      "signalValues": [
        7.8,
        8.2,
        8.6
      ]
    },
    {
      "signalName": "Target VNT opening",
      "signalId": "36",
      "signalValues": [
        60,
        60,
        60
      ]
    },
    {
      "signalName": "Actual VNT opening",
      "signalId": "71",
      "signalValues": [
        60,
        60,
        60
      ]
    },
    {
      "signalName": "Target opening of intake throttle valve (%)",
      "signalId": "197",
      "signalValues": [
        0,
        0,
        0
      ]
    },
    {
      "signalName": "Actual opening of intake throttle valve (%)",
      "signalId": "140",
      "signalValues": [
        0,
        0,
        0
      ]
    },
    {
      "signalName": "SCV last drive duty",
      "signalId": "72",
      "signalValues": [
        45,
        45,
        45
      ]
    },
    {
      "signalName": "SCV drive current value",
      "signalId": "73",
      "signalValues": [
        942,
        934,
        932
      ]
    },
    {
      "signalName": "DPR differential pressure",
      "signalId": "241",
      "signalValues": [
        1.1,
        1,
        1
      ]
    },
    {
      "signalName": "DPR Exhaust temperature (IN)",
      "signalId": "242",
      "signalValues": [
        288,
        288,
        288
      ]
    },
    {
      "signalName": "DPR Exhaust temperature (OUT)",
      "signalId": "243",
      "signalValues": [
        289,
        289,
        289
      ]
    },
    {
      "signalName": "SCR catalyst exhaust temperature (DCU reception)",
      "signalId": "116",
      "signalValues": [
        261.5,
        261.5,
        261.5
      ]
    },
    {
      "signalName": "SCR catalyst exhaust temperature (DCU reception)",
      "signalId": "116",
      "signalValues": [
        261.5,
        261.5,
        261.5
      ]
    }
  ]
}
